text,category
"Опыт работы в команде разработки. Анализировал логи и результаты автотестов. Навыки: Selenium, Playwright, JMeter. Образование: программная инженерия. Умею обсуждать требования и документировать решения.",qa
"Опыт работы в команде разработки. Создавал отчеты и дашборды для продуктовой команды. Навыки: Power BI, ETL, Python, Git, statistics. Образование: программная инженерия. Работал в команде по Scrum, использовал английский язык.",data_analytics
"Учебный проект. Обучал модели классификации и подбирал гиперпараметры. Навыки: NumPy, Python, Optuna, SQL, MLflow. Образование: прикладная математика. Работал в команде по Scrum, использовал английский язык.",data_science
"Опыт работы в команде разработки. Писал компонентные тесты и исправлял визуальные регрессии. Верстал страницы по макетам и проверял доступность. Реализовал маршрутизацию и обработку ошибок в браузере. Навыки: JavaScript, React, Redux, Jest, TypeScript. Образование: программная инженерия. Умею обсуждать требования и документировать решения.",frontend
"Опыт работы в команде разработки. Analyzed business metrics and created decision-support dashboards. Проводил A/B эксперименты и оценивал статистическую значимость. Навыки: Tableau, pandas, A/B tests, statistics. Образование: программная инженерия. Умею обсуждать требования и документировать решения.",data_analytics
"Опыт работы в команде разработки. Исследовал переобучение, дисбаланс классов и утечку данных. Навыки: NumPy, embeddings, MLflow. Образование: программная инженерия. Умею обсуждать требования и документировать решения.",data_science
"Учебный проект. Trained predictive models with feature engineering and validation. Навыки: pandas, NLP, NumPy, HTML, JavaScript. Образование: информационные системы. Работал с Git и участвовал в код-ревью.",data_science
"Опыт работы в команде разработки. Писал компонентные тесты и исправлял визуальные регрессии. Built accessible web components and responsive dashboards. Верстал страницы по макетам и проверял доступность. Навыки: React, CSS, TypeScript, JavaScript, Webpack, Postman, pytest. Образование: информационные системы. Работал с Git и участвовал в код-ревью.",frontend
"Опыт работы в команде разработки. Создал библиотеку компонентов и формы с валидацией. Навыки: REST API, Redux, Playwright. Образование: информационные системы. Умею обсуждать требования и документировать решения.",frontend
"Опыт работы в команде разработки. Писал серверные сервисы и интеграционные тесты. Поддерживал микросервисы с очередями сообщений и кешированием. Разработал API для каталога товаров и авторизацию пользователей. Навыки: Docker, asyncio, gRPC. Образование: программная инженерия. Работал с Git и участвовал в код-ревью.",backend
"Учебный проект. Анализировал воронку продаж и причины изменения метрик. Навыки: Git, statistics, Python. Образование: прикладная математика. Умею обсуждать требования и документировать решения.",data_analytics
"Опыт работы в команде разработки. Реализовал маршрутизацию и обработку ошибок в браузере. Создал библиотеку компонентов и формы с валидацией. Верстал страницы по макетам и проверял доступность. Навыки: JavaScript, HTML, Jest, REST API, CSS. Образование: программная инженерия. Работал в команде по Scrum, использовал английский язык.",frontend
"Стажировка в продуктовой команде. Строил признаки для прогнозирования оттока клиентов. Обрабатывал тексты и обучал нейросетевые модели. Навыки: SQL, Python, NLP, pandas, CatBoost. Образование: информационные системы. Работал с Git и участвовал в код-ревью.",data_science
"Учебный проект. Обрабатывал тексты и обучал нейросетевые модели. Разработал ранжирование и рекомендательную систему. Навыки: NumPy, MLflow, embeddings, SQL, Optuna. Образование: прикладная математика. Работал с Git и участвовал в код-ревью.",data_science
"Стажировка в продуктовой команде. Уменьшил размер клиентского бандла и ускорил загрузку страниц. Разрабатывал адаптивные интерфейсы личного кабинета. Создал библиотеку компонентов и формы с валидацией. Навыки: REST API, JavaScript, HTML, Vue, Playwright, CSS, React. Образование: программная инженерия. Умею обсуждать требования и документировать решения.",frontend
"Практика при вузе. Разрабатывал адаптивные интерфейсы личного кабинета. Навыки: REST API, JavaScript, CSS. Образование: информационные системы. Умею обсуждать требования и документировать решения.",frontend
"Опыт работы в команде разработки. Анализировал логи и результаты автотестов. Находил дефекты и оформлял воспроизводимые баг-репорты. Навыки: pytest, Java, Python, Git, REST API, JMeter. Образование: информационные системы. Умею обсуждать требования и документировать решения.",qa
"Практика при вузе. Создал библиотеку компонентов и формы с валидацией. Разрабатывал адаптивные интерфейсы личного кабинета. Навыки: HTML, React, Webpack, CSS, TypeScript, Vite, REST API, statistics, Tableau. Образование: прикладная математика. Работал с Git и участвовал в код-ревью.",frontend
"Учебный проект. Реализовал маршрутизацию и обработку ошибок в браузере. Настроил управление состоянием и взаимодействие с API. Навыки: Playwright, React, JavaScript. Образование: прикладная математика. Умею обсуждать требования и документировать решения.",frontend
"Стажировка в продуктовой команде. Строил витрины данных и проверял качество отчетности. Согласовывал определения метрик и рассчитывал KPI. Исследовал поведение пользователей и когортное удержание. Навыки: Git, Python, Tableau, ClickHouse, Power BI, statistics, Excel. Образование: прикладная математика. Работал с Git и участвовал в код-ревью.",data_analytics
"Стажировка в продуктовой команде. Разрабатывал адаптивные интерфейсы личного кабинета. Навыки: Vue, React, TypeScript. Образование: программная инженерия. Работал в команде по Scrum, использовал английский язык.",frontend
"Стажировка в продуктовой команде. Согласовывал определения метрик и рассчитывал KPI. Навыки: Tableau, Power BI, Excel, A/B tests, SQL, Redis, Docker. Образование: прикладная математика. Умею обсуждать требования и документировать решения.",data_analytics
"Учебный проект. Согласовывал определения метрик и рассчитывал KPI. Analyzed business metrics and created decision-support dashboards. Создавал отчеты и дашборды для продуктовой команды. Навыки: statistics, Tableau, ETL. Образование: информационные системы. Работал с Git и участвовал в код-ревью.",data_analytics
"Учебный проект. Анализировал логи и результаты автотестов. Designed regression suites and verified releases against requirements. Поддерживал тестовые стенды и проверял исправления. Навыки: Python, REST API, pytest, Git, Playwright, SQL. Образование: информационные системы. Работал с Git и участвовал в код-ревью.",qa
"Практика при вузе. Maintained deployment pipelines, infrastructure and service reliability. Разбирал инциденты и устранял проблемы доступности. Описывал инфраструктуру как код и автоматизировал конфигурацию. Навыки: Docker, Linux, Nginx, Kubernetes, GitLab CI, Redux, Vue. Образование: информационные системы. Работал с Git и участвовал в код-ревью.",devops
"Стажировка в продуктовой команде. Trained predictive models with feature engineering and validation. Сравнивал модели по метрикам на отложенной выборке. Навыки: NumPy, MLflow, SQL. Образование: программная инженерия. Работал с Git и участвовал в код-ревью.",data_science
"Стажировка в продуктовой команде. Писал сценарии тестирования негативных случаев. Навыки: Git, REST API, Jira, Playwright. Образование: программная инженерия. Работал в команде по Scrum, использовал английский язык.",qa
"Стажировка в продуктовой команде. Строил витрины данных и проверял качество отчетности. Исследовал поведение пользователей и когортное удержание. Навыки: statistics, Git, A/B tests, Power BI, Metabase. Образование: прикладная математика. Работал в команде по Scrum, использовал английский язык.",data_analytics
"Опыт работы в команде разработки. Автоматизировал регрессионные проверки API и интерфейса. Навыки: SQL, Java, Selenium, REST API, Vue. Образование: программная инженерия. Работал в команде по Scrum, использовал английский язык.",qa
"Практика при вузе. Обучал модели классификации и подбирал гиперпараметры. Навыки: PyTorch, NLP, SQL, cross-validation, ETL, statistics. Образование: прикладная математика. Работал в команде по Scrum, использовал английский язык.",data_science
"Стажировка в продуктовой команде. Находил дефекты и оформлял воспроизводимые баг-репорты. Навыки: Git, pytest, Jira, Java, Allure. Образование: информационные системы. Умею обсуждать требования и документировать решения.",qa
"Опыт работы в команде разработки. Строил витрины данных и проверял качество отчетности. Навыки: Tableau, Python, SQL. Образование: информационные системы. Умею обсуждать требования и документировать решения.",data_analytics
"Опыт работы в команде разработки. Находил дефекты и оформлял воспроизводимые баг-репорты. Проводил функциональное и нагрузочное тестирование. Составлял тест-кейсы и проверял требования к продукту. Навыки: REST API, Playwright, Jira, Git, JMeter. Образование: прикладная математика. Умею обсуждать требования и документировать решения.",qa
"Практика при вузе. Проектировал схему данных и миграции базы. Писал серверные сервисы и интеграционные тесты. Снижал время ответа сервисов и устранял N+1 запросы. Навыки: Docker, Go, REST API. Образование: программная инженерия. Работал в команде по Scrum, использовал английский язык.",backend
"Стажировка в продуктовой команде. Оптимизировал запросы к базе и транзакции при оформлении заказов. Разработал API для каталога товаров и авторизацию пользователей. Проектировал схему данных и миграции базы. Навыки: PostgreSQL, Redis, Docker. Образование: программная инженерия. Умею обсуждать требования и документировать решения.",backend
"Опыт работы в команде разработки. Разработал API для каталога товаров и авторизацию пользователей. Навыки: SQLAlchemy, Go, RabbitMQ, Docker, PostgreSQL, Prometheus, Docker. Образование: программная инженерия. Умею обсуждать требования и документировать решения.",backend
"Стажировка в продуктовой команде. Поддерживал микросервисы с очередями сообщений и кешированием. Писал серверные сервисы и интеграционные тесты. Разработал API для каталога товаров и авторизацию пользователей. Навыки: RabbitMQ, REST API, Docker, Django, Python. Образование: прикладная математика. Работал в команде по Scrum, использовал английский язык.",backend
"Практика при вузе. Обрабатывал тексты и обучал нейросетевые модели. Разработал ранжирование и рекомендательную систему. Навыки: MLflow, PyTorch, pandas. Образование: прикладная математика. Умею обсуждать требования и документировать решения.",data_science
"Учебный проект. Обучал модели классификации и подбирал гиперпараметры. Trained predictive models with feature engineering and validation. Строил признаки для прогнозирования оттока клиентов. Навыки: pandas, PyTorch, MLflow, cross-validation, embeddings. Образование: информационные системы. Умею обсуждать требования и документировать решения.",data_science
"Стажировка в продуктовой команде. Внедрил мониторинг, алерты и сбор логов сервисов. Управлял контейнерами и секретами в окружениях. Разбирал инциденты и устранял проблемы доступности. Навыки: Docker, Linux, GitLab CI, Nginx, Bash, scikit-learn, SQL. Образование: информационные системы. Умею обсуждать требования и документировать решения.",devops
"Практика при вузе. Built accessible web components and responsive dashboards. Создал библиотеку компонентов и формы с валидацией. Настроил управление состоянием и взаимодействие с API. Навыки: Webpack, TypeScript, Vue, Redux, React. Образование: программная инженерия. Работал с Git и участвовал в код-ревью.",frontend
"Учебный проект. Находил дефекты и оформлял воспроизводимые баг-репорты. Автоматизировал регрессионные проверки API и интерфейса. Составлял тест-кейсы и проверял требования к продукту. Навыки: Git, Python, Selenium, Postman, Allure, Playwright. Образование: прикладная математика. Умею обсуждать требования и документировать решения.",qa
"Опыт работы в команде разработки. Создавал отчеты и дашборды для продуктовой команды. Навыки: Tableau, ClickHouse, Git, Metabase, A/B tests, statistics, Power BI, PostgreSQL, GitLab CI. Образование: прикладная математика. Работал с Git и участвовал в код-ревью.",data_analytics
"Учебный проект. Maintained deployment pipelines, infrastructure and service reliability. Навыки: Docker, Python, Kubernetes. Образование: информационные системы. Работал с Git и участвовал в код-ревью.",devops
"Опыт работы в команде разработки. Настроил эксперименты и воспроизводимость обучения. Исследовал переобучение, дисбаланс классов и утечку данных. Навыки: SQL, Optuna, CatBoost, Python. Образование: информационные системы. Работал в команде по Scrum, использовал английский язык.",data_science
"Стажировка в продуктовой команде. Строил витрины данных и проверял качество отчетности. Создавал отчеты и дашборды для продуктовой команды. Навыки: A/B tests, ETL, Git, SQL, Excel, Metabase, Tableau, Prometheus, Docker. Образование: программная инженерия. Работал в команде по Scrum, использовал английский язык.",data_analytics
"Учебный проект. Настроил автоматическое развертывание и CI/CD пайплайны. Навыки: GitLab CI, Nginx, Kubernetes, Linux, Bash, Ansible. Образование: прикладная математика. Работал с Git и участвовал в код-ревью.",devops
"Учебный проект. Исследовал переобучение, дисбаланс классов и утечку данных. Навыки: MLflow, NumPy, PyTorch, scikit-learn, embeddings, NLP. Образование: программная инженерия. Работал с Git и участвовал в код-ревью.",data_science
"Учебный проект. Настроил автоматическое развертывание и CI/CD пайплайны. Навыки: PostgreSQL, Python, Grafana, Ansible, Kubernetes, Terraform, Docker, SQL, NLP. Образование: информационные системы. Работал с Git и участвовал в код-ревью.",devops
"Стажировка в продуктовой команде. Анализировал воронку продаж и причины изменения метрик. Согласовывал определения метрик и рассчитывал KPI. Навыки: ETL, pandas, Python, Git, Metabase. Образование: прикладная математика. Умею обсуждать требования и документировать решения.",data_analytics
"Учебный проект. Поддерживал кластеры и сетевую инфраструктуру. Настроил автоматическое развертывание и CI/CD пайплайны. Настроил резервное копирование и восстановление после сбоев. Навыки: Terraform, GitLab CI, Grafana. Образование: информационные системы. Работал в команде по Scrum, использовал английский язык.",devops
"Учебный проект. Analyzed business metrics and created decision-support dashboards. Анализировал воронку продаж и причины изменения метрик. Навыки: Tableau, ClickHouse, Python. Образование: программная инженерия. Умею обсуждать требования и документировать решения.",data_analytics
"Стажировка в продуктовой команде. Строил признаки для прогнозирования оттока клиентов. Разработал ранжирование и рекомендательную систему. Trained predictive models with feature engineering and validation. Навыки: PyTorch, Python, NumPy, NLP, scikit-learn, Django, Redis. Образование: программная инженерия. Работал с Git и участвовал в код-ревью.",data_science
"Стажировка в продуктовой команде. Верстал страницы по макетам и проверял доступность. Писал компонентные тесты и исправлял визуальные регрессии. Настроил управление состоянием и взаимодействие с API. Навыки: Redux, HTML, JavaScript, Playwright. Образование: прикладная математика. Работал в команде по Scrum, использовал английский язык.",frontend
"Учебный проект. Added request validation, permissions and transaction handling. Снижал время ответа сервисов и устранял N+1 запросы. Оптимизировал запросы к базе и транзакции при оформлении заказов. Навыки: asyncio, Django, REST API, FastAPI, Optuna, embeddings. Образование: прикладная математика. Работал в команде по Scrum, использовал английский язык.",backend
"Опыт работы в команде разработки. Реализовал асинхронную обработку задач и интеграцию с платежами. Added request validation, permissions and transaction handling. Навыки: SQLAlchemy, Redis, Go, Docker, Vue, Redux. Образование: программная инженерия. Умею обсуждать требования и документировать решения.",backend
"Стажировка в продуктовой команде. Оптимизировал запросы к базе и транзакции при оформлении заказов. Поддерживал микросервисы с очередями сообщений и кешированием. Навыки: Django, PostgreSQL, Redis, SQLAlchemy, Go, FastAPI, REST API. Образование: информационные системы. Работал с Git и участвовал в код-ревью.",backend
"Учебный проект. Разрабатывал адаптивные интерфейсы личного кабинета. Верстал страницы по макетам и проверял доступность. Создал библиотеку компонентов и формы с валидацией. Навыки: HTML, CSS, Jest, React, Playwright, Redux, JavaScript. Образование: информационные системы. Работал в команде по Scrum, использовал английский язык.",frontend
"Стажировка в продуктовой команде. Поддерживал тестовые стенды и проверял исправления. Автоматизировал регрессионные проверки API и интерфейса. Навыки: JMeter, Git, Selenium, SQL, Python, Allure. Образование: информационные системы. Работал в команде по Scrum, использовал английский язык.",qa
"Учебный проект. Создал библиотеку компонентов и формы с валидацией. Реализовал маршрутизацию и обработку ошибок в браузере. Навыки: Vite, Redux, Webpack, TypeScript, Playwright, Jest, Linux, Docker. Образование: прикладная математика. Работал с Git и участвовал в код-ревью.",frontend
"Опыт работы в команде разработки. Поддерживал микросервисы с очередями сообщений и кешированием. Реализовал асинхронную обработку задач и интеграцию с платежами. Оптимизировал запросы к базе и транзакции при оформлении заказов. Навыки: REST API, Python, FastAPI, SQLAlchemy. Образование: информационные системы. Работал с Git и участвовал в код-ревью.",backend
"Стажировка в продуктовой команде. Разбирал инциденты и устранял проблемы доступности. Maintained deployment pipelines, infrastructure and service reliability. Навыки: Kubernetes, Ansible, Nginx, PostgreSQL, Linux. Образование: информационные системы. Умею обсуждать требования и документировать решения.",devops
"Практика при вузе. Анализировал воронку продаж и причины изменения метрик. Навыки: Python, Git, ETL, SQL, Excel, pandas, statistics. Образование: программная инженерия. Работал с Git и участвовал в код-ревью.",data_analytics
"Опыт работы в команде разработки. Разработал API для каталога товаров и авторизацию пользователей. Навыки: FastAPI, gRPC, SQLAlchemy, Python, Docker, PostgreSQL, ETL, statistics. Образование: программная инженерия. Работал в команде по Scrum, использовал английский язык.",backend
"Учебный проект. Разрабатывал адаптивные интерфейсы личного кабинета. Built accessible web components and responsive dashboards. Верстал страницы по макетам и проверял доступность. Навыки: Jest, JavaScript, Playwright, TypeScript, Vue, Vite, HTML. Образование: информационные системы. Работал с Git и участвовал в код-ревью.",frontend
"Учебный проект. Оптимизировал запросы к базе и транзакции при оформлении заказов. Реализовал асинхронную обработку задач и интеграцию с платежами. Навыки: Redis, asyncio, gRPC, RabbitMQ. Образование: программная инженерия. Работал с Git и участвовал в код-ревью.",backend
"Опыт работы в команде разработки. Поддерживал кластеры и сетевую инфраструктуру. Описывал инфраструктуру как код и автоматизировал конфигурацию. Навыки: PostgreSQL, Terraform, Grafana, Linux, Docker, GitLab CI, Ansible. Образование: информационные системы. Работал в команде по Scrum, использовал английский язык.",devops
"Опыт работы в команде разработки. Согласовывал определения метрик и рассчитывал KPI. Анализировал воронку продаж и причины изменения метрик. Навыки: Power BI, pandas, SQL, statistics, ClickHouse, REST API, SQL. Образование: прикладная математика. Работал в команде по Scrum, использовал английский язык.",data_analytics
"Практика при вузе. Разбирал инциденты и устранял проблемы доступности. Навыки: PostgreSQL, Terraform, Kubernetes, Nginx. Образование: информационные системы. Умею обсуждать требования и документировать решения.",devops
"Практика при вузе. Настроил резервное копирование и восстановление после сбоев. Настроил автоматическое развертывание и CI/CD пайплайны. Навыки: Grafana, Docker, Ansible, Terraform, Prometheus, Python, GitLab CI, Python, pandas. Образование: информационные системы. Работал с Git и участвовал в код-ревью.",devops
"Опыт работы в команде разработки. Maintained deployment pipelines, infrastructure and service reliability. Внедрил мониторинг, алерты и сбор логов сервисов. Настроил автоматическое развертывание и CI/CD пайплайны. Навыки: Prometheus, Kubernetes, Python, Linux, Grafana, Bash, GitLab CI. Образование: прикладная математика. Работал в команде по Scrum, использовал английский язык.",devops
"Учебный проект. Строил признаки для прогнозирования оттока клиентов. Навыки: embeddings, scikit-learn, PyTorch, SQL, Python. Образование: информационные системы. Работал с Git и участвовал в код-ревью.",data_science
"Стажировка в продуктовой команде. Разрабатывал адаптивные интерфейсы личного кабинета. Навыки: REST API, JavaScript, Vue, TypeScript, Playwright. Образование: программная инженерия. Работал с Git и участвовал в код-ревью.",frontend
"Стажировка в продуктовой команде. Проектировал схему данных и миграции базы. Поддерживал микросервисы с очередями сообщений и кешированием. Навыки: gRPC, Redis, REST API, Python, FastAPI, Go, Ansible, Linux. Образование: информационные системы. Умею обсуждать требования и документировать решения.",backend
"Опыт работы в команде разработки. Designed regression suites and verified releases against requirements. Поддерживал тестовые стенды и проверял исправления. Навыки: Jira, Selenium, Git, Python, Postman, pytest, Allure. Образование: прикладная математика. Умею обсуждать требования и документировать решения.",qa
"Учебный проект. Исследовал поведение пользователей и когортное удержание. Анализировал воронку продаж и причины изменения метрик. Строил витрины данных и проверял качество отчетности. Навыки: SQL, ClickHouse, pandas, ETL, A/B tests, Python, Tableau. Образование: программная инженерия. Работал в команде по Scrum, использовал английский язык.",data_analytics
"Опыт работы в команде разработки. Внедрил мониторинг, алерты и сбор логов сервисов. Настроил резервное копирование и восстановление после сбоев. Навыки: Ansible, Docker, Terraform, Linux, PostgreSQL, Bash, Python. Образование: прикладная математика. Работал с Git и участвовал в код-ревью.",devops
"Стажировка в продуктовой команде. Исследовал поведение пользователей и когортное удержание. Навыки: SQL, Tableau, ETL. Образование: информационные системы. Умею обсуждать требования и документировать решения.",data_analytics
"Стажировка в продуктовой команде. Снижал время ответа сервисов и устранял N+1 запросы. Реализовал асинхронную обработку задач и интеграцию с платежами. Added request validation, permissions and transaction handling. Навыки: gRPC, Docker, RabbitMQ, SQLAlchemy. Образование: информационные системы. Работал с Git и участвовал в код-ревью.",backend
"Практика при вузе. Находил дефекты и оформлял воспроизводимые баг-репорты. Навыки: Playwright, Java, Postman, Jira, pytest, Selenium. Образование: информационные системы. Работал в команде по Scrum, использовал английский язык.",qa
"Опыт работы в команде разработки. Составлял тест-кейсы и проверял требования к продукту. Находил дефекты и оформлял воспроизводимые баг-репорты. Поддерживал тестовые стенды и проверял исправления. Навыки: JMeter, Python, Selenium, REST API, Postman. Образование: программная инженерия. Работал в команде по Scrum, использовал английский язык.",qa
"Опыт работы в команде разработки. Оптимизировал запросы к базе и транзакции при оформлении заказов. Навыки: asyncio, PostgreSQL, RabbitMQ, Docker, Redis, gRPC, Python. Образование: программная инженерия. Работал с Git и участвовал в код-ревью.",backend
"Учебный проект. Проектировал схему данных и миграции базы. Писал серверные сервисы и интеграционные тесты. Оптимизировал запросы к базе и транзакции при оформлении заказов. Навыки: Django, REST API, Go. Образование: программная инженерия. Умею обсуждать требования и документировать решения.",backend
"Практика при вузе. Внедрил мониторинг, алерты и сбор логов сервисов. Навыки: Kubernetes, PostgreSQL, Bash, Nginx, Prometheus, Linux, GitLab CI. Образование: информационные системы. Работал в команде по Scrum, использовал английский язык.",devops
"Опыт работы в команде разработки. Designed regression suites and verified releases against requirements. Поддерживал тестовые стенды и проверял исправления. Анализировал логи и результаты автотестов. Навыки: Git, JMeter, pytest, Postman, Jira, Selenium. Образование: информационные системы. Работал в команде по Scrum, использовал английский язык.",qa
"Практика при вузе. Поддерживал тестовые стенды и проверял исправления. Составлял тест-кейсы и проверял требования к продукту. Анализировал логи и результаты автотестов. Навыки: Java, SQL, REST API. Образование: информационные системы. Работал с Git и участвовал в код-ревью.",qa
"Практика при вузе. Настроил автоматическое развертывание и CI/CD пайплайны. Поддерживал кластеры и сетевую инфраструктуру. Описывал инфраструктуру как код и автоматизировал конфигурацию. Навыки: Prometheus, Ansible, Bash, Kubernetes, A/B tests, Tableau. Образование: информационные системы. Работал с Git и участвовал в код-ревью.",devops
"Опыт работы в команде разработки. Автоматизировал регрессионные проверки API и интерфейса. Писал сценарии тестирования негативных случаев. Поддерживал тестовые стенды и проверял исправления. Навыки: Postman, Playwright, Git, Selenium, Jira, JMeter. Образование: прикладная математика. Работал с Git и участвовал в код-ревью.",qa
"Стажировка в продуктовой команде. Настроил эксперименты и воспроизводимость обучения. Разработал ранжирование и рекомендательную систему. Навыки: SQL, Python, embeddings, scikit-learn, Optuna, Jira, Playwright. Образование: информационные системы. Работал в команде по Scrum, использовал английский язык.",data_science
"Учебный проект. Уменьшил размер клиентского бандла и ускорил загрузку страниц. Создал библиотеку компонентов и формы с валидацией. Навыки: JavaScript, REST API, Vue, Redux, Vite, Webpack, HTML, pandas, Git. Образование: программная инженерия. Умею обсуждать требования и документировать решения.",frontend
"Опыт работы в команде разработки. Реализовал асинхронную обработку задач и интеграцию с платежами. Оптимизировал запросы к базе и транзакции при оформлении заказов. Проектировал схему данных и миграции базы. Навыки: FastAPI, Redis, PostgreSQL, RabbitMQ, Python. Образование: программная инженерия. Умею обсуждать требования и документировать решения.",backend
"Учебный проект. Анализировал воронку продаж и причины изменения метрик. Исследовал поведение пользователей и когортное удержание. Готовил аналитические выводы и рекомендации бизнесу. Навыки: A/B tests, Excel, pandas, Python, statistics. Образование: информационные системы. Работал с Git и участвовал в код-ревью.",data_analytics
"Опыт работы в команде разработки. Исследовал поведение пользователей и когортное удержание. Навыки: Metabase, Git, Python, ETL. Образование: информационные системы. Работал с Git и участвовал в код-ревью.",data_analytics
"Опыт работы в команде разработки. Настроил резервное копирование и восстановление после сбоев. Навыки: Bash, Nginx, Ansible, Docker, PostgreSQL, Kubernetes. Образование: информационные системы. Работал с Git и участвовал в код-ревью.",devops
"Учебный проект. Поддерживал тестовые стенды и проверял исправления. Навыки: Git, SQL, REST API, Postman, Jira, Selenium, Java. Образование: прикладная математика. Умею обсуждать требования и документировать решения.",qa
"Стажировка в продуктовой команде. Находил дефекты и оформлял воспроизводимые баг-репорты. Поддерживал тестовые стенды и проверял исправления. Автоматизировал регрессионные проверки API и интерфейса. Навыки: SQL, JMeter, Postman, Allure, REST API, Python, Docker, asyncio. Образование: прикладная математика. Умею обсуждать требования и документировать решения.",qa
"Учебный проект. Analyzed business metrics and created decision-support dashboards. Анализировал воронку продаж и причины изменения метрик. Навыки: Git, A/B tests, Excel, Tableau, REST API, gRPC. Образование: информационные системы. Работал с Git и участвовал в код-ревью.",data_analytics
"Практика при вузе. Анализировал воронку продаж и причины изменения метрик. Analyzed business metrics and created decision-support dashboards. Готовил аналитические выводы и рекомендации бизнесу. Навыки: statistics, Git, ClickHouse, Tableau, A/B tests. Образование: программная инженерия. Умею обсуждать требования и документировать решения.",data_analytics
"Опыт работы в команде разработки. Создал библиотеку компонентов и формы с валидацией. Навыки: TypeScript, HTML, React, Redux, JavaScript, Vue, Playwright, Tableau, Git. Образование: программная инженерия. Умею обсуждать требования и документировать решения.",frontend
"Опыт работы в команде разработки. Писал компонентные тесты и исправлял визуальные регрессии. Навыки: Webpack, TypeScript, Redux, Vite, HTML, React, Prometheus, Terraform. Образование: информационные системы. Работал в команде по Scrum, использовал английский язык.",frontend
"Практика при вузе. Строил признаки для прогнозирования оттока клиентов. Исследовал переобучение, дисбаланс классов и утечку данных. Навыки: Optuna, embeddings, MLflow, PyTorch. Образование: прикладная математика. Работал с Git и участвовал в код-ревью.",data_science
"Опыт работы в команде разработки. Писал компонентные тесты и исправлял визуальные регрессии. Навыки: React, Vue, HTML, Playwright, Jest, JavaScript, Webpack. Образование: прикладная математика. Работал в команде по Scrum, использовал английский язык.",frontend
"Опыт работы в команде разработки. Designed regression suites and verified releases against requirements. Навыки: SQL, Git, Jira, Playwright, Redux. Образование: информационные системы. Умею обсуждать требования и документировать решения.",qa
"Стажировка в продуктовой команде. Разрабатывал адаптивные интерфейсы личного кабинета. Верстал страницы по макетам и проверял доступность. Уменьшил размер клиентского бандла и ускорил загрузку страниц. Навыки: Vite, Jest, Playwright, Webpack, HTML, JavaScript, pytest, Selenium. Образование: прикладная математика. Работал в команде по Scrum, использовал английский язык.",frontend
"Стажировка в продуктовой команде. Поддерживал микросервисы с очередями сообщений и кешированием. Навыки: FastAPI, REST API, PostgreSQL, SQLAlchemy, asyncio, gRPC. Образование: информационные системы. Умею обсуждать требования и документировать решения.",backend
"Опыт работы в команде разработки. Added request validation, permissions and transaction handling. Проектировал схему данных и миграции базы. Оптимизировал запросы к базе и транзакции при оформлении заказов. Навыки: RabbitMQ, gRPC, Redis, PostgreSQL, Django, Docker, REST API. Образование: прикладная математика. Работал в команде по Scrum, использовал английский язык.",backend
"Опыт работы в команде разработки. Added request validation, permissions and transaction handling. Навыки: PostgreSQL, RabbitMQ, Python, FastAPI, asyncio, REST API, Python, Bash. Образование: информационные системы. Умею обсуждать требования и документировать решения.",backend
"Учебный проект. Создавал отчеты и дашборды для продуктовой команды. Навыки: Tableau, ETL, SQL, Linux, Nginx. Образование: программная инженерия. Работал с Git и участвовал в код-ревью.",data_analytics
"Практика при вузе. Согласовывал определения метрик и рассчитывал KPI. Навыки: Excel, ClickHouse, statistics, Power BI, Python, pandas. Образование: программная инженерия. Умею обсуждать требования и документировать решения.",data_analytics
"Опыт работы в команде разработки. Писал сценарии тестирования негативных случаев. Составлял тест-кейсы и проверял требования к продукту. Навыки: Jira, SQL, JMeter, Allure, Selenium. Образование: информационные системы. Умею обсуждать требования и документировать решения.",qa
"Учебный проект. Писал компонентные тесты и исправлял визуальные регрессии. Создал библиотеку компонентов и формы с валидацией. Навыки: REST API, React, Vite, JavaScript, TypeScript, HTML. Образование: информационные системы. Работал с Git и участвовал в код-ревью.",frontend
"Учебный проект. Исследовал переобучение, дисбаланс классов и утечку данных. Строил признаки для прогнозирования оттока клиентов. Навыки: Python, CatBoost, SQL, pandas, Python. Образование: прикладная математика. Работал в команде по Scrum, использовал английский язык.",data_science
"Опыт работы в команде разработки. Analyzed business metrics and created decision-support dashboards. Навыки: Python, ETL, SQL, Git, Power BI, pandas, Git, pytest. Образование: прикладная математика. Умею обсуждать требования и документировать решения.",data_analytics
"Практика при вузе. Разработал API для каталога товаров и авторизацию пользователей. Оптимизировал запросы к базе и транзакции при оформлении заказов. Added request validation, permissions and transaction handling. Навыки: FastAPI, REST API, Docker, gRPC, HTML, Vite. Образование: информационные системы. Работал с Git и участвовал в код-ревью.",backend
"Стажировка в продуктовой команде. Added request validation, permissions and transaction handling. Поддерживал микросервисы с очередями сообщений и кешированием. Навыки: FastAPI, RabbitMQ, Python, Django, REST API, asyncio, Go. Образование: прикладная математика. Работал в команде по Scrum, использовал английский язык.",backend
"Опыт работы в команде разработки. Исследовал переобучение, дисбаланс классов и утечку данных. Навыки: embeddings, CatBoost, Python, SQL, Optuna, Python, ClickHouse. Образование: информационные системы. Работал с Git и участвовал в код-ревью.",data_science
"Опыт работы в команде разработки. Согласовывал определения метрик и рассчитывал KPI. Анализировал воронку продаж и причины изменения метрик. Навыки: ClickHouse, pandas, Tableau, JMeter, SQL. Образование: программная инженерия. Работал в команде по Scrum, использовал английский язык.",data_analytics
"Практика при вузе. Настроил автоматическое развертывание и CI/CD пайплайны. Настроил резервное копирование и восстановление после сбоев. Навыки: Nginx, Grafana, Bash, Kubernetes, Prometheus, Docker, Terraform. Образование: прикладная математика. Работал в команде по Scrum, использовал английский язык.",devops
"Практика при вузе. Настроил автоматическое развертывание и CI/CD пайплайны. Навыки: Bash, Docker, PostgreSQL, GitLab CI, Nginx, Python, Grafana. Образование: программная инженерия. Работал с Git и участвовал в код-ревью.",devops
"Стажировка в продуктовой команде. Настроил управление состоянием и взаимодействие с API. Навыки: Jest, REST API, Vue, Playwright, JavaScript, Vite. Образование: прикладная математика. Умею обсуждать требования и документировать решения.",frontend
"Учебный проект. Разбирал инциденты и устранял проблемы доступности. Управлял контейнерами и секретами в окружениях. Навыки: Kubernetes, Terraform, Bash, Python, Grafana. Образование: программная инженерия. Работал с Git и участвовал в код-ревью.",devops
"Опыт работы в команде разработки. Разрабатывал адаптивные интерфейсы личного кабинета. Верстал страницы по макетам и проверял доступность. Писал компонентные тесты и исправлял визуальные регрессии. Навыки: JavaScript, REST API, Vue, Playwright, CSS, Vite. Образование: программная инженерия. Работал в команде по Scrum, использовал английский язык.",frontend
"Опыт работы в команде разработки. Поддерживал кластеры и сетевую инфраструктуру. Внедрил мониторинг, алерты и сбор логов сервисов. Настроил резервное копирование и восстановление после сбоев. Навыки: Docker, Linux, Kubernetes, REST API, asyncio. Образование: информационные системы. Работал в команде по Scrum, использовал английский язык.",devops
"Опыт работы в команде разработки. Анализировал логи и результаты автотестов. Писал сценарии тестирования негативных случаев. Designed regression suites and verified releases against requirements. Навыки: Java, SQL, Git, Playwright, Postman, Allure, REST API, REST API, CSS. Образование: программная инженерия. Работал в команде по Scrum, использовал английский язык.",qa
"Практика при вузе. Проектировал схему данных и миграции базы. Писал серверные сервисы и интеграционные тесты. Навыки: asyncio, SQLAlchemy, FastAPI, PostgreSQL. Образование: программная инженерия. Работал с Git и участвовал в код-ревью.",backend
"Стажировка в продуктовой команде. Реализовал маршрутизацию и обработку ошибок в браузере. Писал компонентные тесты и исправлял визуальные регрессии. Настроил управление состоянием и взаимодействие с API. Навыки: HTML, CSS, Redux, TypeScript, RabbitMQ, Docker. Образование: информационные системы. Работал в команде по Scrum, использовал английский язык.",frontend
"Практика при вузе. Разрабатывал адаптивные интерфейсы личного кабинета. Уменьшил размер клиентского бандла и ускорил загрузку страниц. Built accessible web components and responsive dashboards. Навыки: HTML, Playwright, Jest, REST API. Образование: программная инженерия. Умею обсуждать требования и документировать решения.",frontend
"Практика при вузе. Оптимизировал запросы к базе и транзакции при оформлении заказов. Проектировал схему данных и миграции базы. Навыки: FastAPI, Redis, PostgreSQL, asyncio, SQLAlchemy, gRPC, RabbitMQ. Образование: программная инженерия. Работал в команде по Scrum, использовал английский язык.",backend
"Практика при вузе. Описывал инфраструктуру как код и автоматизировал конфигурацию. Поддерживал кластеры и сетевую инфраструктуру. Навыки: Prometheus, Python, Terraform. Образование: программная инженерия. Работал в команде по Scrum, использовал английский язык.",devops
"Опыт работы в команде разработки. Оптимизировал запросы к базе и транзакции при оформлении заказов. Реализовал асинхронную обработку задач и интеграцию с платежами. Снижал время ответа сервисов и устранял N+1 запросы. Навыки: gRPC, RabbitMQ, Docker. Образование: программная инженерия. Работал в команде по Scrum, использовал английский язык.",backend
"Опыт работы в команде разработки. Анализировал логи и результаты автотестов. Составлял тест-кейсы и проверял требования к продукту. Проводил функциональное и нагрузочное тестирование. Навыки: SQL, Jira, Postman, Git. Образование: прикладная математика. Работал с Git и участвовал в код-ревью.",qa
"Опыт работы в команде разработки. Реализовал асинхронную обработку задач и интеграцию с платежами. Навыки: gRPC, REST API, RabbitMQ, Python. Образование: программная инженерия. Умею обсуждать требования и документировать решения.",backend
"Учебный проект. Обрабатывал тексты и обучал нейросетевые модели. Сравнивал модели по метрикам на отложенной выборке. Строил признаки для прогнозирования оттока клиентов. Навыки: Optuna, scikit-learn, embeddings, NumPy. Образование: информационные системы. Работал с Git и участвовал в код-ревью.",data_science
"Практика при вузе. Added request validation, permissions and transaction handling. Снижал время ответа сервисов и устранял N+1 запросы. Навыки: gRPC, PostgreSQL, Django, REST API, asyncio, Redis. Образование: прикладная математика. Работал в команде по Scrum, использовал английский язык.",backend
"Учебный проект. Находил дефекты и оформлял воспроизводимые баг-репорты. Навыки: Playwright, REST API, Java, Webpack, REST API. Образование: информационные системы. Работал с Git и участвовал в код-ревью.",qa
"Стажировка в продуктовой команде. Проводил A/B эксперименты и оценивал статистическую значимость. Создавал отчеты и дашборды для продуктовой команды. Навыки: ClickHouse, A/B tests, statistics, Python. Образование: программная инженерия. Работал с Git и участвовал в код-ревью.",data_analytics
"Стажировка в продуктовой команде. Согласовывал определения метрик и рассчитывал KPI. Анализировал воронку продаж и причины изменения метрик. Навыки: Git, A/B tests, pandas. Образование: программная инженерия. Умею обсуждать требования и документировать решения.",data_analytics
"Учебный проект. Внедрил мониторинг, алерты и сбор логов сервисов. Описывал инфраструктуру как код и автоматизировал конфигурацию. Maintained deployment pipelines, infrastructure and service reliability. Навыки: Linux, Docker, Bash, Python, Terraform, MLflow, NumPy. Образование: информационные системы. Работал в команде по Scrum, использовал английский язык.",devops
"Опыт работы в команде разработки. Поддерживал тестовые стенды и проверял исправления. Анализировал логи и результаты автотестов. Автоматизировал регрессионные проверки API и интерфейса. Навыки: SQL, Git, JMeter, REST API, Webpack, Vue. Образование: прикладная математика. Умею обсуждать требования и документировать решения.",qa
"Стажировка в продуктовой команде. Настроил автоматическое развертывание и CI/CD пайплайны. Maintained deployment pipelines, infrastructure and service reliability. Разбирал инциденты и устранял проблемы доступности. Навыки: Docker, Linux, Python, Nginx, Ansible, Vite, Redux. Образование: прикладная математика. Умею обсуждать требования и документировать решения.",devops
"Стажировка в продуктовой команде. Обрабатывал тексты и обучал нейросетевые модели. Разработал ранжирование и рекомендательную систему. Навыки: Optuna, embeddings, scikit-learn, NLP. Образование: прикладная математика. Работал с Git и участвовал в код-ревью.",data_science
"Стажировка в продуктовой команде. Внедрил мониторинг, алерты и сбор логов сервисов. Настроил автоматическое развертывание и CI/CD пайплайны. Разбирал инциденты и устранял проблемы доступности. Навыки: Grafana, Ansible, Nginx. Образование: информационные системы. Умею обсуждать требования и документировать решения.",devops
"Практика при вузе. Разработал ранжирование и рекомендательную систему. Навыки: cross-validation, scikit-learn, NLP, pandas, Python, MLflow. Образование: информационные системы. Работал с Git и участвовал в код-ревью.",data_science
"Практика при вузе. Настроил эксперименты и воспроизводимость обучения. Обрабатывал тексты и обучал нейросетевые модели. Разработал ранжирование и рекомендательную систему. Навыки: Python, NLP, MLflow. Образование: прикладная математика. Работал с Git и участвовал в код-ревью.",data_science
"Опыт работы в команде разработки. Создавал отчеты и дашборды для продуктовой команды. Навыки: statistics, Metabase, Power BI, pandas, Tableau, SQL. Образование: информационные системы. Работал с Git и участвовал в код-ревью.",data_analytics
"Практика при вузе. Строил витрины данных и проверял качество отчетности. Проводил A/B эксперименты и оценивал статистическую значимость. Навыки: ETL, Tableau, SQL, Power BI, A/B tests, Excel, CSS, Vue. Образование: прикладная математика. Работал с Git и участвовал в код-ревью.",data_analytics
"Практика при вузе. Проектировал схему данных и миграции базы. Снижал время ответа сервисов и устранял N+1 запросы. Поддерживал микросервисы с очередями сообщений и кешированием. Навыки: PostgreSQL, asyncio, SQLAlchemy, gRPC, Redis, Docker. Образование: прикладная математика. Умею обсуждать требования и документировать решения.",backend
"Опыт работы в команде разработки. Проводил функциональное и нагрузочное тестирование. Составлял тест-кейсы и проверял требования к продукту. Навыки: Python, SQL, pytest, REST API. Образование: программная инженерия. Работал с Git и участвовал в код-ревью.",qa
"Учебный проект. Сравнивал модели по метрикам на отложенной выборке. Trained predictive models with feature engineering and validation. Обрабатывал тексты и обучал нейросетевые модели. Навыки: MLflow, SQL, NLP, cross-validation, NumPy. Образование: программная инженерия. Работал с Git и участвовал в код-ревью.",data_science
"Опыт работы в команде разработки. Обучал модели классификации и подбирал гиперпараметры. Навыки: MLflow, embeddings, cross-validation, PyTorch, NLP. Образование: программная инженерия. Умею обсуждать требования и документировать решения.",data_science
"Учебный проект. Built accessible web components and responsive dashboards. Навыки: REST API, TypeScript, HTML. Образование: прикладная математика. Работал в команде по Scrum, использовал английский язык.",frontend
"Практика при вузе. Анализировал воронку продаж и причины изменения метрик. Навыки: Python, Git, Metabase, ClickHouse, pandas, ETL. Образование: информационные системы. Умею обсуждать требования и документировать решения.",data_analytics
"Опыт работы в команде разработки. Описывал инфраструктуру как код и автоматизировал конфигурацию. Maintained deployment pipelines, infrastructure and service reliability. Разбирал инциденты и устранял проблемы доступности. Навыки: Python, Terraform, Linux. Образование: прикладная математика. Работал в команде по Scrum, использовал английский язык.",devops
"Опыт работы в команде разработки. Built accessible web components and responsive dashboards. Разрабатывал адаптивные интерфейсы личного кабинета. Навыки: TypeScript, Jest, Playwright, Vite, HTML, Vue, CSS. Образование: программная инженерия. Работал в команде по Scrum, использовал английский язык.",frontend
"Стажировка в продуктовой команде. Проектировал схему данных и миграции базы. Added request validation, permissions and transaction handling. Навыки: Docker, Django, Go, PostgreSQL, SQLAlchemy, Redis, RabbitMQ. Образование: программная инженерия. Работал с Git и участвовал в код-ревью.",backend
"Практика при вузе. Писал сценарии тестирования негативных случаев. Находил дефекты и оформлял воспроизводимые баг-репорты. Навыки: Allure, pytest, SQL, Java, REST API, Terraform, Ansible. Образование: информационные системы. Умею обсуждать требования и документировать решения.",qa
"Практика при вузе. Разрабатывал адаптивные интерфейсы личного кабинета. Верстал страницы по макетам и проверял доступность. Навыки: JavaScript, Webpack, React, HTML, TypeScript, Python, Tableau. Образование: информационные системы. Работал в команде по Scrum, использовал английский язык.",frontend
"Практика при вузе. Maintained deployment pipelines, infrastructure and service reliability. Управлял контейнерами и секретами в окружениях. Поддерживал кластеры и сетевую инфраструктуру. Навыки: Python, GitLab CI, Prometheus, Linux. Образование: программная инженерия. Работал с Git и участвовал в код-ревью.",devops
"Учебный проект. Строил витрины данных и проверял качество отчетности. Создавал отчеты и дашборды для продуктовой команды. Навыки: Git, SQL, statistics. Образование: прикладная математика. Работал с Git и участвовал в код-ревью.",data_analytics
"Стажировка в продуктовой команде. Настроил автоматическое развертывание и CI/CD пайплайны. Навыки: PostgreSQL, Docker, Bash, Nginx, Linux, SQL, Allure. Образование: прикладная математика. Умею обсуждать требования и документировать решения.",devops
"Опыт работы в команде разработки. Trained predictive models with feature engineering and validation. Разработал ранжирование и рекомендательную систему. Навыки: PyTorch, MLflow, scikit-learn, CatBoost, Optuna. Образование: прикладная математика. Работал с Git и участвовал в код-ревью.",data_science
"Стажировка в продуктовой команде. Писал серверные сервисы и интеграционные тесты. Навыки: PostgreSQL, Python, FastAPI, Nginx, Bash. Образование: информационные системы. Умею обсуждать требования и документировать решения.",backend
"Стажировка в продуктовой команде. Создал библиотеку компонентов и формы с валидацией. Навыки: CSS, REST API, Vite. Образование: программная инженерия. Работал с Git и участвовал в код-ревью.",frontend
"Стажировка в продуктовой команде. Настроил эксперименты и воспроизводимость обучения. Trained predictive models with feature engineering and validation. Строил признаки для прогнозирования оттока клиентов. Навыки: PyTorch, embeddings, NumPy, pandas, cross-validation, CatBoost, NLP. Образование: прикладная математика. Работал в команде по Scrum, использовал английский язык.",data_science
"Стажировка в продуктовой команде. Разрабатывал адаптивные интерфейсы личного кабинета. Создал библиотеку компонентов и формы с валидацией. Писал компонентные тесты и исправлял визуальные регрессии. Навыки: Playwright, REST API, HTML, React, Redux, CSS, Jest. Образование: программная инженерия. Работал в команде по Scrum, использовал английский язык.",frontend
"Стажировка в продуктовой команде. Проводил A/B эксперименты и оценивал статистическую значимость. Согласовывал определения метрик и рассчитывал KPI. Навыки: Excel, Python, Power BI, SQL, A/B tests, Git. Образование: прикладная математика. Работал с Git и участвовал в код-ревью.",data_analytics
"Опыт работы в команде разработки. Составлял тест-кейсы и проверял требования к продукту. Навыки: SQL, Playwright, Allure, Selenium, Postman. Образование: информационные системы. Умею обсуждать требования и документировать решения.",qa
"Стажировка в продуктовой команде. Maintained deployment pipelines, infrastructure and service reliability. Настроил автоматическое развертывание и CI/CD пайплайны. Навыки: PostgreSQL, Bash, Nginx. Образование: информационные системы. Умею обсуждать требования и документировать решения.",devops
"Практика при вузе. Настроил автоматическое развертывание и CI/CD пайплайны. Поддерживал кластеры и сетевую инфраструктуру. Навыки: Kubernetes, Grafana, Python, Linux, GitLab CI, Docker, Ansible. Образование: программная инженерия. Работал с Git и участвовал в код-ревью.",devops
"Опыт работы в команде разработки. Строил признаки для прогнозирования оттока клиентов. Навыки: MLflow, SQL, embeddings, PyTorch. Образование: прикладная математика. Работал в команде по Scrum, использовал английский язык.",data_science
"Практика при вузе. Поддерживал кластеры и сетевую инфраструктуру. Настроил резервное копирование и восстановление после сбоев. Навыки: Terraform, Linux, Python, Prometheus. Образование: прикладная математика. Работал в команде по Scrum, использовал английский язык.",devops
"Стажировка в продуктовой команде. Реализовал маршрутизацию и обработку ошибок в браузере. Навыки: Webpack, React, REST API, Grafana, GitLab CI. Образование: программная инженерия. Работал в команде по Scrum, использовал английский язык.",frontend
"Стажировка в продуктовой команде. Находил дефекты и оформлял воспроизводимые баг-репорты. Анализировал логи и результаты автотестов. Навыки: pytest, JMeter, REST API, Git, Java, Allure, scikit-learn, pandas. Образование: прикладная математика. Умею обсуждать требования и документировать решения.",qa
"Опыт работы в команде разработки. Разбирал инциденты и устранял проблемы доступности. Навыки: Bash, Ansible, Linux, PostgreSQL, Nginx, GitLab CI, Kubernetes, Metabase, pandas. Образование: прикладная математика. Умею обсуждать требования и документировать решения.",devops
"Учебный проект. Снижал время ответа сервисов и устранял N+1 запросы. Навыки: asyncio, SQLAlchemy, gRPC, Docker. Образование: прикладная математика. Работал в команде по Scrum, использовал английский язык.",backend
"Практика при вузе. Настроил резервное копирование и восстановление после сбоев. Разбирал инциденты и устранял проблемы доступности. Навыки: PostgreSQL, Bash, GitLab CI. Образование: информационные системы. Работал в команде по Scrum, использовал английский язык.",devops
"Учебный проект. Поддерживал тестовые стенды и проверял исправления. Навыки: Git, Postman, Allure, Jira, JMeter, Playwright, Python. Образование: информационные системы. Умею обсуждать требования и документировать решения.",qa
"Учебный проект. Уменьшил размер клиентского бандла и ускорил загрузку страниц. Создал библиотеку компонентов и формы с валидацией. Навыки: REST API, Redux, CSS, Jest, Vite, Playwright, Vue. Образование: программная инженерия. Умею обсуждать требования и документировать решения.",frontend
"Опыт работы в команде разработки. Строил признаки для прогнозирования оттока клиентов. Разработал ранжирование и рекомендательную систему. Навыки: Optuna, CatBoost, pandas, cross-validation. Образование: прикладная математика. Умею обсуждать требования и документировать решения.",data_science
"Опыт работы в команде разработки. Снижал время ответа сервисов и устранял N+1 запросы. Навыки: REST API, FastAPI, Redis, Django, gRPC, Docker, Python. Образование: программная инженерия. Работал в команде по Scrum, использовал английский язык.",backend
"Опыт работы в команде разработки. Внедрил мониторинг, алерты и сбор логов сервисов. Навыки: Kubernetes, GitLab CI, Docker, Ansible. Образование: информационные системы. Работал в команде по Scrum, использовал английский язык.",devops
"Опыт работы в команде разработки. Писал компонентные тесты и исправлял визуальные регрессии. Разрабатывал адаптивные интерфейсы личного кабинета. Уменьшил размер клиентского бандла и ускорил загрузку страниц. Навыки: Webpack, TypeScript, Vue, React, HTML, REST API, Playwright. Образование: информационные системы. Работал с Git и участвовал в код-ревью.",frontend
"Учебный проект. Настроил резервное копирование и восстановление после сбоев. Навыки: Docker, Terraform, Grafana. Образование: программная инженерия. Работал в команде по Scrum, использовал английский язык.",devops
"Стажировка в продуктовой команде. Trained predictive models with feature engineering and validation. Обрабатывал тексты и обучал нейросетевые модели. Настроил эксперименты и воспроизводимость обучения. Навыки: MLflow, cross-validation, NumPy, PyTorch, pandas. Образование: информационные системы. Работал с Git и участвовал в код-ревью.",data_science
"Учебный проект. Настроил резервное копирование и восстановление после сбоев. Maintained deployment pipelines, infrastructure and service reliability. Управлял контейнерами и секретами в окружениях. Навыки: Ansible, GitLab CI, Linux. Образование: прикладная математика. Работал с Git и участвовал в код-ревью.",devops
"Опыт работы в команде разработки. Автоматизировал регрессионные проверки API и интерфейса. Составлял тест-кейсы и проверял требования к продукту. Писал сценарии тестирования негативных случаев. Навыки: Selenium, Git, Postman, pandas, cross-validation. Образование: прикладная математика. Работал с Git и участвовал в код-ревью.",qa
"Практика при вузе. Создал библиотеку компонентов и формы с валидацией. Уменьшил размер клиентского бандла и ускорил загрузку страниц. Настроил управление состоянием и взаимодействие с API. Навыки: Vite, HTML, REST API, JavaScript, Webpack, Playwright. Образование: прикладная математика. Работал в команде по Scrum, использовал английский язык.",frontend
"Учебный проект. Разбирал инциденты и устранял проблемы доступности. Настроил резервное копирование и восстановление после сбоев. Maintained deployment pipelines, infrastructure and service reliability. Навыки: Grafana, PostgreSQL, Docker, Ansible, Python. Образование: прикладная математика. Работал в команде по Scrum, использовал английский язык.",devops
"Стажировка в продуктовой команде. Сравнивал модели по метрикам на отложенной выборке. Обрабатывал тексты и обучал нейросетевые модели. Разработал ранжирование и рекомендательную систему. Навыки: cross-validation, NLP, embeddings, CatBoost, Python. Образование: информационные системы. Работал в команде по Scrum, использовал английский язык.",data_science
"Опыт работы в команде разработки. Создал библиотеку компонентов и формы с валидацией. Писал компонентные тесты и исправлял визуальные регрессии. Верстал страницы по макетам и проверял доступность. Навыки: TypeScript, Vue, CSS, REST API, Redux, HTML. Образование: информационные системы. Умею обсуждать требования и документировать решения.",frontend
"Опыт работы в команде разработки. Настроил управление состоянием и взаимодействие с API. Разрабатывал адаптивные интерфейсы личного кабинета. Писал компонентные тесты и исправлял визуальные регрессии. Навыки: JavaScript, REST API, CSS. Образование: программная инженерия. Работал с Git и участвовал в код-ревью.",frontend
"Учебный проект. Поддерживал кластеры и сетевую инфраструктуру. Настроил резервное копирование и восстановление после сбоев. Навыки: Bash, Docker, Prometheus. Образование: информационные системы. Работал в команде по Scrum, использовал английский язык.",devops
"Опыт работы в команде разработки. Maintained deployment pipelines, infrastructure and service reliability. Навыки: Python, Kubernetes, Bash. Образование: информационные системы. Работал с Git и участвовал в код-ревью.",devops
"Практика при вузе. Составлял тест-кейсы и проверял требования к продукту. Находил дефекты и оформлял воспроизводимые баг-репорты. Навыки: pytest, Jira, Git. Образование: программная инженерия. Умею обсуждать требования и документировать решения.",qa
"Опыт работы в команде разработки. Снижал время ответа сервисов и устранял N+1 запросы. Проектировал схему данных и миграции базы. Писал серверные сервисы и интеграционные тесты. Навыки: Redis, PostgreSQL, Docker, asyncio, Django. Образование: программная инженерия. Умею обсуждать требования и документировать решения.",backend
"Стажировка в продуктовой команде. Анализировал воронку продаж и причины изменения метрик. Навыки: Power BI, pandas, Metabase, statistics, Python, Excel, SQL. Образование: прикладная математика. Работал с Git и участвовал в код-ревью.",data_analytics
"Практика при вузе. Исследовал переобучение, дисбаланс классов и утечку данных. Разработал ранжирование и рекомендательную систему. Сравнивал модели по метрикам на отложенной выборке. Навыки: NLP, SQL, Python. Образование: программная инженерия. Работал в команде по Scrum, использовал английский язык.",data_science
"Практика при вузе. Анализировал логи и результаты автотестов. Designed regression suites and verified releases against requirements. Навыки: JMeter, Java, Python, Selenium, Playwright. Образование: программная инженерия. Работал с Git и участвовал в код-ревью.",qa
"Опыт работы в команде разработки. Автоматизировал регрессионные проверки API и интерфейса. Писал сценарии тестирования негативных случаев. Поддерживал тестовые стенды и проверял исправления. Навыки: JMeter, Jira, pytest, REST API. Образование: прикладная математика. Работал с Git и участвовал в код-ревью.",qa
"Учебный проект. Разработал API для каталога товаров и авторизацию пользователей. Поддерживал микросервисы с очередями сообщений и кешированием. Навыки: asyncio, Django, FastAPI, REST API, Python, gRPC. Образование: программная инженерия. Работал с Git и участвовал в код-ревью.",backend
"Стажировка в продуктовой команде. Поддерживал кластеры и сетевую инфраструктуру. Описывал инфраструктуру как код и автоматизировал конфигурацию. Управлял контейнерами и секретами в окружениях. Навыки: Bash, Kubernetes, Terraform. Образование: программная инженерия. Работал в команде по Scrum, использовал английский язык.",devops
"Опыт работы в команде разработки. Разработал ранжирование и рекомендательную систему. Навыки: NumPy, MLflow, CatBoost, Optuna. Образование: программная инженерия. Работал с Git и участвовал в код-ревью.",data_science
"Учебный проект. Проводил функциональное и нагрузочное тестирование. Писал сценарии тестирования негативных случаев. Автоматизировал регрессионные проверки API и интерфейса. Навыки: Jira, JMeter, Python, Playwright, Postman, SQL, Allure. Образование: программная инженерия. Работал с Git и участвовал в код-ревью.",qa
"Опыт работы в команде разработки. Trained predictive models with feature engineering and validation. Строил признаки для прогнозирования оттока клиентов. Навыки: NLP, embeddings, cross-validation. Образование: программная инженерия. Работал в команде по Scrum, использовал английский язык.",data_science
"Стажировка в продуктовой команде. Находил дефекты и оформлял воспроизводимые баг-репорты. Проводил функциональное и нагрузочное тестирование. Поддерживал тестовые стенды и проверял исправления. Навыки: REST API, pytest, Jira, Java, Selenium, Playwright. Образование: программная инженерия. Работал в команде по Scrum, использовал английский язык.",qa
"Практика при вузе. Сравнивал модели по метрикам на отложенной выборке. Разработал ранжирование и рекомендательную систему. Строил признаки для прогнозирования оттока клиентов. Навыки: SQL, Python, scikit-learn, cross-validation, PyTorch, NLP, Optuna, Git, Selenium. Образование: прикладная математика. Умею обсуждать требования и документировать решения.",data_science
"Учебный проект. Находил дефекты и оформлял воспроизводимые баг-репорты. Автоматизировал регрессионные проверки API и интерфейса. Составлял тест-кейсы и проверял требования к продукту. Навыки: Python, SQL, Jira, Git, Java, Postman. Образование: информационные системы. Работал с Git и участвовал в код-ревью.",qa
"Учебный проект. Обрабатывал тексты и обучал нейросетевые модели. Настроил эксперименты и воспроизводимость обучения. Разработал ранжирование и рекомендательную систему. Навыки: NumPy, PyTorch, CatBoost, pandas, Python. Образование: прикладная математика. Работал в команде по Scrum, использовал английский язык.",data_science
"Стажировка в продуктовой команде. Designed regression suites and verified releases against requirements. Поддерживал тестовые стенды и проверял исправления. Проводил функциональное и нагрузочное тестирование. Навыки: pytest, JMeter, Playwright, Allure, Jira, Git, Postman. Образование: прикладная математика. Работал в команде по Scrum, использовал английский язык.",qa
"Стажировка в продуктовой команде. Писал серверные сервисы и интеграционные тесты. Поддерживал микросервисы с очередями сообщений и кешированием. Навыки: asyncio, Python, SQLAlchemy, PyTorch, MLflow. Образование: прикладная математика. Умею обсуждать требования и документировать решения.",backend
"Стажировка в продуктовой команде. Разработал API для каталога товаров и авторизацию пользователей. Навыки: PostgreSQL, Docker, Python. Образование: прикладная математика. Работал с Git и участвовал в код-ревью.",backend
"Опыт работы в команде разработки. Настроил эксперименты и воспроизводимость обучения. Trained predictive models with feature engineering and validation. Обрабатывал тексты и обучал нейросетевые модели. Навыки: embeddings, MLflow, pandas, Python, Python, PostgreSQL. Образование: информационные системы. Работал в команде по Scrum, использовал английский язык.",data_science
"Опыт работы в команде разработки. Разрабатывал адаптивные интерфейсы личного кабинета. Навыки: React, Playwright, TypeScript. Образование: прикладная математика. Умею обсуждать требования и документировать решения.",frontend
"Практика при вузе. Писал сценарии тестирования негативных случаев. Проводил функциональное и нагрузочное тестирование. Навыки: Jira, Python, pytest, Git, REST API, A/B tests, Excel. Образование: информационные системы. Умею обсуждать требования и документировать решения.",qa
"Опыт работы в команде разработки. Составлял тест-кейсы и проверял требования к продукту. Навыки: pytest, Jira, Postman, JMeter, REST API. Образование: программная инженерия. Умею обсуждать требования и документировать решения.",qa
"Стажировка в продуктовой команде. Разработал API для каталога товаров и авторизацию пользователей. Поддерживал микросервисы с очередями сообщений и кешированием. Навыки: asyncio, Python, SQLAlchemy, Docker, RabbitMQ, gRPC, PostgreSQL. Образование: прикладная математика. Работал с Git и участвовал в код-ревью.",backend
"Учебный проект. Trained predictive models with feature engineering and validation. Настроил эксперименты и воспроизводимость обучения. Навыки: NumPy, NLP, MLflow, embeddings, Python, FastAPI, asyncio. Образование: программная инженерия. Умею обсуждать требования и документировать решения.",data_science
"Практика при вузе. Проводил A/B эксперименты и оценивал статистическую значимость. Исследовал поведение пользователей и когортное удержание. Готовил аналитические выводы и рекомендации бизнесу. Навыки: Git, Python, A/B tests, Tableau, SQL. Образование: прикладная математика. Умею обсуждать требования и документировать решения.",data_analytics
"Учебный проект. Строил признаки для прогнозирования оттока клиентов. Настроил эксперименты и воспроизводимость обучения. Обрабатывал тексты и обучал нейросетевые модели. Навыки: MLflow, cross-validation, PyTorch. Образование: информационные системы. Работал в команде по Scrum, использовал английский язык.",data_science
"Опыт работы в команде разработки. Поддерживал кластеры и сетевую инфраструктуру. Управлял контейнерами и секретами в окружениях. Навыки: Docker, Ansible, Linux, Python, Grafana. Образование: прикладная математика. Работал в команде по Scrum, использовал английский язык.",devops
"Учебный проект. Проектировал схему данных и миграции базы. Added request validation, permissions and transaction handling. Навыки: Redis, Python, RabbitMQ, FastAPI. Образование: программная инженерия. Работал с Git и участвовал в код-ревью.",backend
"Стажировка в продуктовой команде. Писал компонентные тесты и исправлял визуальные регрессии. Реализовал маршрутизацию и обработку ошибок в браузере. Разрабатывал адаптивные интерфейсы личного кабинета. Навыки: REST API, Redux, Vite. Образование: информационные системы. Работал с Git и участвовал в код-ревью.",frontend
"Учебный проект. Исследовал поведение пользователей и когортное удержание. Строил витрины данных и проверял качество отчетности. Готовил аналитические выводы и рекомендации бизнесу. Навыки: Python, pandas, Metabase, Playwright, Jira. Образование: прикладная математика. Работал с Git и участвовал в код-ревью.",data_analytics
"Стажировка в продуктовой команде. Анализировал воронку продаж и причины изменения метрик. Готовил аналитические выводы и рекомендации бизнесу. Навыки: statistics, Tableau, pandas, Git, ETL. Образование: прикладная математика. Работал в команде по Scrum, использовал английский язык.",data_analytics
"Опыт работы в команде разработки. Исследовал поведение пользователей и когортное удержание. Согласовывал определения метрик и рассчитывал KPI. Строил витрины данных и проверял качество отчетности. Навыки: Python, Metabase, statistics. Образование: информационные системы. Умею обсуждать требования и документировать решения.",data_analytics
"Опыт работы в команде разработки. Проводил A/B эксперименты и оценивал статистическую значимость. Навыки: Python, A/B tests, Power BI. Образование: программная инженерия. Работал с Git и участвовал в код-ревью.",data_analytics
"Стажировка в продуктовой команде. Built accessible web components and responsive dashboards. Создал библиотеку компонентов и формы с валидацией. Реализовал маршрутизацию и обработку ошибок в браузере. Навыки: REST API, Playwright, Redux, TypeScript, Vue, Vite. Образование: программная инженерия. Работал с Git и участвовал в код-ревью.",frontend
"Опыт работы в команде разработки. Писал серверные сервисы и интеграционные тесты. Разработал API для каталога товаров и авторизацию пользователей. Навыки: PostgreSQL, Docker, REST API, FastAPI, gRPC, Python, Go. Образование: информационные системы. Работал в команде по Scrum, использовал английский язык.",backend
"Опыт работы в команде разработки. Поддерживал тестовые стенды и проверял исправления. Писал сценарии тестирования негативных случаев. Навыки: pytest, SQL, Selenium, JMeter, Git, Python, Java. Образование: программная инженерия. Умею обсуждать требования и документировать решения.",qa
"Стажировка в продуктовой команде. Снижал время ответа сервисов и устранял N+1 запросы. Разработал API для каталога товаров и авторизацию пользователей. Оптимизировал запросы к базе и транзакции при оформлении заказов. Навыки: Python, Go, REST API, SQLAlchemy, FastAPI, Grafana, PostgreSQL. Образование: прикладная математика. Умею обсуждать требования и документировать решения.",backend
"Опыт работы в команде разработки. Trained predictive models with feature engineering and validation. Обучал модели классификации и подбирал гиперпараметры. Навыки: MLflow, CatBoost, Python, NLP, embeddings, Optuna. Образование: прикладная математика. Работал в команде по Scrum, использовал английский язык.",data_science
"Опыт работы в команде разработки. Обучал модели классификации и подбирал гиперпараметры. Разработал ранжирование и рекомендательную систему. Навыки: NLP, pandas, embeddings, NumPy, Optuna, PyTorch. Образование: программная инженерия. Работал с Git и участвовал в код-ревью.",data_science
"Стажировка в продуктовой команде. Maintained deployment pipelines, infrastructure and service reliability. Поддерживал кластеры и сетевую инфраструктуру. Настроил резервное копирование и восстановление после сбоев. Навыки: Ansible, GitLab CI, Grafana, Bash. Образование: прикладная математика. Работал с Git и участвовал в код-ревью.",devops
"Практика при вузе. Писал компонентные тесты и исправлял визуальные регрессии. Уменьшил размер клиентского бандла и ускорил загрузку страниц. Навыки: Redux, Vue, CSS, HTML, React. Образование: прикладная математика. Умею обсуждать требования и документировать решения.",frontend
"Опыт работы в команде разработки. Готовил аналитические выводы и рекомендации бизнесу. Исследовал поведение пользователей и когортное удержание. Создавал отчеты и дашборды для продуктовой команды. Навыки: Power BI, Python, ClickHouse, statistics, Git, ETL. Образование: программная инженерия. Умею обсуждать требования и документировать решения.",data_analytics
"Опыт работы в команде разработки. Составлял тест-кейсы и проверял требования к продукту. Поддерживал тестовые стенды и проверял исправления. Находил дефекты и оформлял воспроизводимые баг-репорты. Навыки: pytest, SQL, Jira, Git, Postman, Selenium. Образование: информационные системы. Работал с Git и участвовал в код-ревью.",qa
"Учебный проект. Анализировал воронку продаж и причины изменения метрик. Навыки: SQL, ETL, Excel, Git, A/B tests. Образование: информационные системы. Умею обсуждать требования и документировать решения.",data_analytics
"Учебный проект. Trained predictive models with feature engineering and validation. Навыки: cross-validation, Python, scikit-learn, NLP, MLflow, PyTorch, CatBoost, Webpack, Playwright. Образование: прикладная математика. Работал с Git и участвовал в код-ревью.",data_science
"Учебный проект. Added request validation, permissions and transaction handling. Снижал время ответа сервисов и устранял N+1 запросы. Навыки: Redis, REST API, gRPC, RabbitMQ, SQLAlchemy. Образование: программная инженерия. Умею обсуждать требования и документировать решения.",backend
"Опыт работы в команде разработки. Проводил A/B эксперименты и оценивал статистическую значимость. Навыки: pandas, Git, Tableau, statistics. Образование: программная инженерия. Работал с Git и участвовал в код-ревью.",data_analytics
